[
  {
    "code": "GALR210214",
    "name": "Gale Reef",
    "length": "4 nights / 5 days",
    "start": "2021-02-14T08:00:00Z",
    "resort": "Emerald Bay, 3 stars",
    "perPerson": "799.00",
    "image": "reef1.jpg",
    "description": "<p>Gale Reef Sed et augue lorem. In sit amet placerat arcu. Mauris volutpat ipsum ac...</p>"
  },
  {
    "code": "DWAR210315",
    "name": "Dawson's Reef",
    "length": "4 nights / 5 days",
    "start": "2021-03-15T08:00:00Z",
    "resort": "Blue Lagoon, 4 stars",
    "perPerson": "1199.00",
    "image": "reef2.jpg",
    "description": "<p>Dawson's Reef Integer magna leo, posuere et dignissim vitae, porttitor at odio. Pel...</p>"
  },
  {
    "code": "CLAR210621",
    "name": "Claire's Reef",
    "length": "4 nights / 5 days",
    "start": "2021-06-21T08:00:00Z",
    "resort": "Coral Sands, 5 stars",
    "perPerson": "1999.00",
    "image": "reef3.jpg",
    "description": "<p>Claire's Reef Donec sed felis risus. Nulla facilisi. Donec a orci tellus, et auctor...</p>"
  }
]

